PA_54	0	-1	0	0	0	0	0	1	0	1	0	1	0	0	0	-1
PA_27	0	0	0	0	0	0	1	0	-1	0	0	0	0	1	1	1
PA_32	0	0	1	0	0	0	1	0	0	0	1	1	1	1	1	1
PA_77	0	1	0	0	0	1	0	0	0	1	1	1	1	1	0	1
PA_43	0	0	0	0	-1	-1	0	1	1	-1	0	0	0	0	0	1
PA_55	1	0	1	1	0	0	0	1	1	1	1	1	1	-1	1	1
PA_52	0	1	0	0	0	0	1	1	1	1	1	1	1	1	-1	1
PA_71	1	0	-1	0	0	1	1	1	1	1	1	1	1	1	0	1
PA_46	0	-1	-1	0	-1	1	1	1	-1	1	1	1	0	-1	1	1
PA_49	1	1	0	0	0	1	1	1	1	1	1	1	-1	1	1	1
PA_74	0	0	0	0	1	1	1	0	1	1	0	1	1	1	1	1
PA_73	0	-1	0	0	1	1	1	1	-1	1	-1	1	0	0	1	1
PA_51	1	-1	0	0	1	0	1	1	1	1	1	1	1	1	0	1
PA_48	1	0	0	1	1	1	-1	1	1	1	1	1	1	1	1	1
PA_63	1	0	0	1	0	1	1	1	1	1	1	1	1	0	1	1
PA_40	0	0	1	1	1	0	-1	1	1	0	1	1	1	1	1	1
PA_29	0	1	1	1	0	1	1	0	1	0	1	1	0	1	1	1
PA_42	0	1	0	1	1	1	1	1	1	1	1	1	1	0	1	1
PA_57	0	1	1	1	-1	0	1	1	1	0	1	1	1	1	1	1
PA_59	0	1	1	1	0	1	1	1	0	1	-1	1	1	0	1	1
PA_61	0	1	1	0	0	1	1	1	1	1	-1	1	1	1	1	1
PA_53	-1	1	0	1	1	1	1	1	1	1	1	1	1	1	1	1
PA_62	0	1	0	1	1	1	1	1	1	1	1	1	1	1	0	1
PA_64	0	1	1	-1	1	0	1	1	1	1	-1	1	0	0	0	1
PA_38	1	0	1	1	1	1	1	1	1	1	0	1	1	1	1	1
PA_39	1	1	0	1	1	1	1	1	1	1	1	1	1	1	0	1
PA_41	1	1	1	1	1	1	1	0	1	1	1	1	1	1	1	1
PA_28	1	1	1	1	0	1	1	1	1	1	-1	1	1	1	1	1
PA_47	1	-1	0	1	1	1	1	0	1	1	1	1	1	1	1	1
PA_26	1	-1	1	1	-1	1	1	1	0	1	1	1	1	0	1	1
PA_58	1	1	1	1	1	1	1	1	0	1	-1	1	1	1	1	1
PA_65	1	1	0	0	1	0	1	1	1	1	1	1	0	1	0	1
PA_68	1	1	0	1	1	1	1	1	-1	1	1	1	1	1	0	1
PA_70	1	1	0	1	1	1	1	1	1	0	1	1	1	1	1	1